name.firstName,name.lastName,biography,twitter,facebook,linkedin
Nikhil,Moharil,Super Hero,https://twitter.com/,https://www.facebook.com/,https://www.linkedin.com/
Nikhil,Moharil,Super Hero,https://twitter.com/,https://www.facebook.com/,https://www.linkedin.com/
Nikhil,Moharil,Super Hero,https://twitter.com/,https://www.facebook.com/,https://www.linkedin.com/
Nikhil,Moharil,Super Hero,https://twitter.com/,https://www.facebook.com/,https://www.linkedin.com/
Nikhil,Moharil,Super Hero,https://twitter.com/,https://www.facebook.com/,https://www.linkedin.com/
Nikhil,Moharil,Super Hero,https://twitter.com/,https://www.facebook.com/,https://www.linkedin.com/
Nikhil,Moharil,Super Hero,https://twitter.com/,https://www.facebook.com/,https://www.linkedin.com/
Nikhil,Moharil,Super Hero,https://twitter.com/,https://www.facebook.com/,https://www.linkedin.com/
Nikhil,Moharil,Super Hero,https://twitter.com/,https://www.facebook.com/,https://www.linkedin.com/
Nikhil,Moharil,Super Hero,https://twitter.com/,https://www.facebook.com/,https://www.linkedin.com/
Nikhil,Moharil,Super Hero,https://twitter.com/,https://www.facebook.com/,https://www.linkedin.com/
Nikhil,Moharil,Super Hero,https://twitter.com/,https://www.facebook.com/,https://www.linkedin.com/
Nikhil,Moharil,Super Hero,https://twitter.com/,https://www.facebook.com/,https://www.linkedin.com/
Nikhil,Moharil,Super Hero,https://twitter.com/,https://www.facebook.com/,https://www.linkedin.com/
Nikhil,Moharil,Super Hero,https://twitter.com/,https://www.facebook.com/,https://www.linkedin.com/
Nikhil,Moharil,Super Hero,https://twitter.com/,https://www.facebook.com/,https://www.linkedin.com/
Nikhil,Moharil,Super Hero,https://twitter.com/,https://www.facebook.com/,https://www.linkedin.com/
Nikhil,Moharil,Super Hero,https://twitter.com/,https://www.facebook.com/,https://www.linkedin.com/
Nikhil,Moharil,Super Hero,https://twitter.com/,https://www.facebook.com/,https://www.linkedin.com/
Nikhil,Moharil,Super Hero,https://twitter.com/,https://www.facebook.com/,https://www.linkedin.com/
Nikhil,Moharil,Super Hero,https://twitter.com/,https://www.facebook.com/,https://www.linkedin.com/
Nikhil,Moharil,Super Hero,https://twitter.com/,https://www.facebook.com/,https://www.linkedin.com/
Nikhil,Moharil,Super Hero,https://twitter.com/,https://www.facebook.com/,https://www.linkedin.com/
Nikhil,Moharil,Super Hero,https://twitter.com/,https://www.facebook.com/,https://www.linkedin.com/
Nikhil,Moharil,Super Hero,https://twitter.com/,https://www.facebook.com/,https://www.linkedin.com/
Nikhil,Moharil,Super Hero,https://twitter.com/,https://www.facebook.com/,https://www.linkedin.com/
Nikhil,Moharil,Super Hero,https://twitter.com/,https://www.facebook.com/,https://www.linkedin.com/
Nikhil,Moharil,Super Hero,https://twitter.com/,https://www.facebook.com/,https://www.linkedin.com/
Nikhil,Moharil,Super Hero,https://twitter.com/,https://www.facebook.com/,https://www.linkedin.com/
Nikhil,Moharil,Super Hero,https://twitter.com/,https://www.facebook.com/,https://www.linkedin.com/
Nikhil,Moharil,Super Hero,https://twitter.com/,https://www.facebook.com/,https://www.linkedin.com/
Nikhil,Moharil,Super Hero,https://twitter.com/,https://www.facebook.com/,https://www.linkedin.com/
Nikhil,Moharil,Super Hero,https://twitter.com/,https://www.facebook.com/,https://www.linkedin.com/
Nikhil,Moharil,Super Hero,https://twitter.com/,https://www.facebook.com/,https://www.linkedin.com/
Nikhil,Moharil,Super Hero,https://twitter.com/,https://www.facebook.com/,https://www.linkedin.com/
Nikhil,Moharil,Super Hero,https://twitter.com/,https://www.facebook.com/,https://www.linkedin.com/
Nikhil,Moharil,Super Hero,https://twitter.com/,https://www.facebook.com/,https://www.linkedin.com/
Nikhil,Moharil,Super Hero,https://twitter.com/,https://www.facebook.com/,https://www.linkedin.com/
Nikhil,Moharil,Super Hero,https://twitter.com/,https://www.facebook.com/,https://www.linkedin.com/
Nikhil,Moharil,Super Hero,https://twitter.com/,https://www.facebook.com/,https://www.linkedin.com/
Nikhil,Moharil,Super Hero,https://twitter.com/,https://www.facebook.com/,https://www.linkedin.com/
Nikhil,Moharil,Super Hero,https://twitter.com/,https://www.facebook.com/,https://www.linkedin.com/
Nikhil,Moharil,Super Hero,https://twitter.com/,https://www.facebook.com/,https://www.linkedin.com/
Nikhil,Moharil,Super Hero,https://twitter.com/,https://www.facebook.com/,https://www.linkedin.com/
Nikhil,Moharil,Super Hero,https://twitter.com/,https://www.facebook.com/,https://www.linkedin.com/
Nikhil,Moharil,Super Hero,https://twitter.com/,https://www.facebook.com/,https://www.linkedin.com/
Nikhil,Moharil,Super Hero,https://twitter.com/,https://www.facebook.com/,https://www.linkedin.com/
Nikhil,Moharil,Super Hero,https://twitter.com/,https://www.facebook.com/,https://www.linkedin.com/
Nikhil,Moharil,Super Hero,https://twitter.com/,https://www.facebook.com/,https://www.linkedin.com/
Nikhil,Moharil,Super Hero,https://twitter.com/,https://www.facebook.com/,https://www.linkedin.com/
Nikhil,Moharil,Super Hero,https://twitter.com/,https://www.facebook.com/,https://www.linkedin.com/
Nikhil,Moharil,Super Hero,https://twitter.com/,https://www.facebook.com/,https://www.linkedin.com/
Nikhil,Moharil,Super Hero,https://twitter.com/,https://www.facebook.com/,https://www.linkedin.com/
Nikhil,Moharil,Super Hero,https://twitter.com/,https://www.facebook.com/,https://www.linkedin.com/
